epoch,train_loss,val_loss,lr,epoch_time_s,actions_acc,actions_f1,actions_auc,actions_precision,actions_recall,looks_acc,looks_f1,looks_auc,looks_precision,looks_recall,crosses_acc,crosses_f1,crosses_auc,crosses_precision,crosses_recall,macro_f1,overall_acc
1,1.7478,1.5253,0.0,191.061,0.6942,0.0,0.6335,0.0,0.0,0.854,0.0,0.6051,0.0,0.0,0.7869,0.0,0.7563,0.0,0.0,0.0,0.7783
2,1.5464,1.3069,0.0,199.0803,0.7,0.2141,0.6671,0.5385,0.1337,0.854,0.0,0.6612,0.0,0.0,0.8248,0.4937,0.8167,0.6429,0.4007,0.2359,0.7929
3,1.4493,1.2796,0.0001,195.9558,0.7088,0.4388,0.6902,0.5342,0.3723,0.8547,0.0657,0.7164,0.5385,0.035,0.8022,0.5046,0.8238,0.5412,0.4726,0.3364,0.7886
4,1.3809,1.268,0.0001,197.2234,0.7197,0.5164,0.7568,0.5467,0.4893,0.8445,0.2473,0.7484,0.4217,0.175,0.7985,0.5577,0.8226,0.5241,0.5959,0.4405,0.7876
5,1.3151,1.2322,0.0001,196.5777,0.7401,0.568,0.7954,0.5778,0.5585,0.8409,0.1615,0.7632,0.35,0.105,0.8044,0.5197,0.811,0.5451,0.4966,0.4164,0.7951
6,1.2487,1.2334,0.0001,197.2178,0.7569,0.652,0.8443,0.5799,0.7446,0.8423,0.4098,0.7809,0.4518,0.375,0.7964,0.5766,0.8327,0.5177,0.6507,0.5462,0.7985
7,1.2013,1.1667,0.0001,196.8284,0.792,0.6611,0.8497,0.6588,0.6635,0.8511,0.3544,0.7865,0.4828,0.28,0.8073,0.5525,0.8255,0.547,0.5582,0.5227,0.8168
8,1.1701,1.1496,0.0001,196.3066,0.8102,0.6948,0.8594,0.6836,0.7064,0.8526,0.3399,0.7838,0.4906,0.26,0.8263,0.5657,0.8448,0.6055,0.5308,0.5335,0.8297
9,1.1494,1.1967,0.0001,194.7362,0.8088,0.705,0.8654,0.6674,0.747,0.8474,0.3365,0.8017,0.4609,0.265,0.8036,0.5855,0.832,0.5322,0.6507,0.5423,0.82
10,1.1236,1.1508,0.0001,195.5741,0.8139,0.6886,0.8704,0.705,0.673,0.8555,0.456,0.8125,0.5061,0.415,0.8197,0.5704,0.8372,0.5795,0.5616,0.5717,0.8297
11,1.0981,1.1465,0.0001,196.3417,0.8248,0.6809,0.8806,0.7688,0.611,0.8474,0.3236,0.8034,0.4587,0.25,0.8175,0.4877,0.8179,0.6071,0.4075,0.4974,0.8299
12,1.0857,1.1958,0.0001,196.2577,0.8109,0.6542,0.8844,0.7424,0.5847,0.838,0.4505,0.7959,0.4461,0.455,0.808,0.5066,0.8314,0.5602,0.4623,0.5371,0.819
13,1.0639,1.1381,0.0001,196.2919,0.8088,0.67,0.879,0.7093,0.6348,0.8526,0.3765,0.7891,0.4919,0.305,0.8066,0.5359,0.8358,0.5484,0.524,0.5275,0.8226
14,1.0562,1.1515,0.0001,195.6902,0.8146,0.6887,0.8826,0.7078,0.6706,0.8489,0.4266,0.8047,0.4783,0.385,0.8182,0.5787,0.8422,0.5719,0.5856,0.5647,0.8273
15,1.0442,1.1463,0.0001,196.6167,0.8248,0.7059,0.8869,0.7254,0.6874,0.8387,0.381,0.7867,0.4331,0.34,0.8153,0.569,0.8449,0.5661,0.5719,0.5519,0.8263
16,1.0291,1.1696,0.0001,194.7016,0.8255,0.694,0.8871,0.7486,0.6468,0.8555,0.456,0.8066,0.5061,0.415,0.8102,0.5273,0.8232,0.562,0.4966,0.5591,0.8304
17,1.0066,1.161,0.0001,196.2063,0.8219,0.6831,0.8841,0.7493,0.6277,0.8562,0.3088,0.7821,0.5176,0.22,0.8197,0.5417,0.8271,0.5911,0.5,0.5112,0.8326
18,1.0005,1.1775,0.0001,195.7577,0.8212,0.703,0.8732,0.7143,0.6921,0.8569,0.4645,0.7883,0.512,0.425,0.8117,0.5426,0.833,0.5625,0.524,0.57,0.8299
19,1.0007,1.1784,0.0,196.2772,0.8277,0.702,0.8903,0.7453,0.6635,0.8555,0.4343,0.7927,0.5067,0.38,0.8051,0.5009,0.8255,0.5514,0.4589,0.5457,0.8294
20,0.9894,1.2308,0.0,193.2832,0.8131,0.6759,0.8759,0.7197,0.6372,0.8555,0.4277,0.7904,0.5068,0.37,0.7934,0.5457,0.8168,0.5136,0.5822,0.5498,0.8207
21,0.9754,1.2009,0.0,196.7686,0.8234,0.707,0.8889,0.7174,0.6969,0.8599,0.4451,0.7913,0.5274,0.385,0.8139,0.5685,0.8261,0.5619,0.5753,0.5735,0.8324
22,0.9584,1.2219,0.0,197.2263,0.8219,0.7182,0.886,0.6957,0.7422,0.8431,0.4794,0.7919,0.4648,0.495,0.8095,0.5742,0.8212,0.5483,0.6027,0.5906,0.8248
23,0.9635,1.1951,0.0,193.9123,0.8255,0.6971,0.8844,0.7432,0.6563,0.8555,0.4343,0.7905,0.5067,0.38,0.8139,0.5626,0.8299,0.5636,0.5616,0.5647,0.8316
24,0.9682,1.2227,0.0,197.0213,0.8263,0.6877,0.8768,0.7638,0.6253,0.8533,0.4779,0.8018,0.4973,0.46,0.8241,0.519,0.8326,0.622,0.4452,0.5615,0.8345
25,0.9453,1.2077,0.0,197.5451,0.8219,0.6904,0.888,0.7371,0.6492,0.8518,0.47,0.7967,0.4918,0.45,0.8124,0.5419,0.8238,0.5651,0.5205,0.5674,0.8287
26,0.9319,1.1946,0.0,199.92,0.819,0.6976,0.8878,0.7132,0.6826,0.8511,0.4574,0.7989,0.4886,0.43,0.808,0.5458,0.8306,0.5505,0.5411,0.5669,0.826
27,0.9419,1.1969,0.0,196.3981,0.8307,0.7114,0.8842,0.7429,0.6826,0.8518,0.4558,0.8041,0.4913,0.425,0.8197,0.5383,0.8299,0.5926,0.4932,0.5685,0.8341
28,0.9372,1.1919,0.0,193.6476,0.8226,0.6904,0.8791,0.7404,0.6468,0.8562,0.4419,0.8034,0.5098,0.39,0.8168,0.5477,0.8314,0.5779,0.5205,0.56,0.8319
29,0.933,1.2163,0.0,195.1472,0.8314,0.7094,0.8839,0.75,0.673,0.8431,0.4869,0.8051,0.4658,0.51,0.8088,0.5387,0.8289,0.5543,0.524,0.5783,0.8277
30,0.9314,1.1928,0.0,195.8736,0.8197,0.663,0.874,0.7739,0.58,0.8591,0.4134,0.7768,0.5271,0.34,0.8234,0.5551,0.8234,0.5992,0.5171,0.5438,0.8341
