epoch,train_loss,val_loss,lr,epoch_time_s,onset_hazard,onset_readout_p05,onset_readout_p95,crosses_acc,crosses_f1,crosses_auc,crosses_precision,crosses_recall,overall_acc
1,2.372,0.7096,0.0,175.3949,0.7096,0.1986,0.348,0.9629,0.1665,0.8254,0.2209,0.1336,0.9629
2,1.2798,0.5827,0.0,163.9212,0.5827,0.0463,0.5941,0.9278,0.2276,0.8391,0.1618,0.3831,0.9278
3,1.114,0.5529,0.0001,262.4464,0.5529,0.0141,0.4807,0.9427,0.2455,0.8324,0.1935,0.3357,0.9427
4,0.983,0.5473,0.0001,438.7089,0.5473,0.0062,0.2089,0.9594,0.2341,0.8347,0.2461,0.2232,0.9594
5,0.8224,0.5767,0.0001,442.1317,0.5767,0.0027,0.1858,0.9564,0.2146,0.8196,0.2148,0.2144,0.9564
6,0.6856,0.5895,0.0001,439.5924,0.5895,0.0014,0.1729,0.9557,0.1851,0.8191,0.1893,0.181,0.9557
7,0.5807,0.6144,0.0001,471.9664,0.6144,0.0009,0.2857,0.9526,0.1873,0.7933,0.1786,0.1968,0.9526
8,0.5212,0.6353,0.0001,465.9877,0.6353,0.0006,0.1948,0.9535,0.1944,0.814,0.1873,0.2021,0.9535
9,0.4605,0.64,0.0001,465.6153,0.64,0.0004,0.156,0.9579,0.2077,0.7685,0.2177,0.1986,0.9579
10,0.4255,0.6344,0.0001,440.7312,0.6344,0.0002,0.0653,0.9622,0.1971,0.8045,0.2405,0.167,0.9622
11,0.3786,0.6505,0.0001,440.1177,0.6505,0.0002,0.0234,0.9659,0.1631,0.7856,0.2566,0.1195,0.9659
12,0.3525,0.678,0.0001,444.923,0.678,0.0001,0.0125,0.9668,0.1457,0.7838,0.2555,0.1019,0.9668
13,0.3339,0.687,0.0001,466.5734,0.687,0.0001,0.0042,0.9702,0.148,0.787,0.3605,0.0931,0.9702
14,0.3097,0.7129,0.0001,466.5389,0.7129,0.0001,0.0194,0.9649,0.1647,0.779,0.2423,0.1248,0.9649
15,0.2989,0.7146,0.0001,469.7092,0.7146,0.0,0.0061,0.9689,0.1238,0.7761,0.2848,0.0791,0.9689
16,0.2756,0.7336,0.0001,444.389,0.7336,0.0,0.0061,0.9676,0.1263,0.7627,0.2513,0.0844,0.9676
17,0.2642,0.7342,0.0001,433.9542,0.7342,0.0,0.0083,0.9677,0.1382,0.7448,0.2677,0.0931,0.9677
